neighbourhood_group,neighbourhood
Downtown,78701
East Austin,78702
Central Austin,78703
South Central ,78704
Central Austin,78705
Central Austin,78712
Brushy Creek,78717
Southeast,78719
Northeast Austin,78721
East Austin,78722
Northeast Austin,78723
Northeast Austin,78724
Hornsby Bend,78725
Four Points Center,78726
Northwest Austin,78727
Wells Branch,78728
Northwest Austin,78729
Riverplace,78730
Northwest Austin,78731
Steiner Ranch,78732
Westlake Hills,78733
Lakeway ETJ,78734
Southwest Austin,78735
Southwest Austin,78736
Southwest Austin,78737
Southwest Austin,78738
Circle C & Shady Hollow,78739
Southeast,78741
East Austin,78742
Southeast,78744
South Austin,78745
Westlake Hills,78746
Southeast,78747
South Austin,78748
Westen Oaks & Westencreek,78749
Northwest Austin,78750
Central Austin,78751
St. Johns,78752
North Austin,78753
Northeast Austin,78754
Central Austin,78756
Central Austin,78757
North Austin,78758
Northwest Austin,78759